Enter a Number,Multiplication table,timestamp
1000,"1000 * 1 = 1000
1000 * 2 = 2000
1000 * 3 = 3000
1000 * 4 = 4000
1000 * 5 = 5000
1000 * 6 = 6000
1000 * 7 = 7000
1000 * 8 = 8000
1000 * 9 = 9000
1000 * 10 = 10000
1000 * 11 = 11000
1000 * 12 = 12000
1000 * 13 = 13000
1000 * 14 = 14000
1000 * 15 = 15000
1000 * 16 = 16000
1000 * 17 = 17000
1000 * 18 = 18000
1000 * 19 = 19000
1000 * 20 = 20000
1000 * 21 = 21000
1000 * 22 = 22000
1000 * 23 = 23000
1000 * 24 = 24000
1000 * 25 = 25000
1000 * 26 = 26000
1000 * 27 = 27000
1000 * 28 = 28000
1000 * 29 = 29000
1000 * 30 = 30000
1000 * 31 = 31000
1000 * 32 = 32000
1000 * 33 = 33000
1000 * 34 = 34000
1000 * 35 = 35000
1000 * 36 = 36000
1000 * 37 = 37000
1000 * 38 = 38000
1000 * 39 = 39000
1000 * 40 = 40000
1000 * 41 = 41000
1000 * 42 = 42000
1000 * 43 = 43000
1000 * 44 = 44000
1000 * 45 = 45000
1000 * 46 = 46000
1000 * 47 = 47000
1000 * 48 = 48000
1000 * 49 = 49000
1000 * 50 = 50000
1000 * 51 = 51000
1000 * 52 = 52000
1000 * 53 = 53000
1000 * 54 = 54000
1000 * 55 = 55000
1000 * 56 = 56000
1000 * 57 = 57000
1000 * 58 = 58000
1000 * 59 = 59000
1000 * 60 = 60000
1000 * 61 = 61000
1000 * 62 = 62000
1000 * 63 = 63000
1000 * 64 = 64000
1000 * 65 = 65000
1000 * 66 = 66000
1000 * 67 = 67000
1000 * 68 = 68000
1000 * 69 = 69000
1000 * 70 = 70000
1000 * 71 = 71000
1000 * 72 = 72000
1000 * 73 = 73000
1000 * 74 = 74000
1000 * 75 = 75000
1000 * 76 = 76000
1000 * 77 = 77000
1000 * 78 = 78000
1000 * 79 = 79000
1000 * 80 = 80000
1000 * 81 = 81000
1000 * 82 = 82000
1000 * 83 = 83000
1000 * 84 = 84000
1000 * 85 = 85000
1000 * 86 = 86000
1000 * 87 = 87000
1000 * 88 = 88000
1000 * 89 = 89000
1000 * 90 = 90000
1000 * 91 = 91000
1000 * 92 = 92000
1000 * 93 = 93000
1000 * 94 = 94000
1000 * 95 = 95000
1000 * 96 = 96000
1000 * 97 = 97000
1000 * 98 = 98000
1000 * 99 = 99000
",2026-05-26 13:01:08.311211
1000,"1000 * 1 = 1000
1000 * 2 = 2000
1000 * 3 = 3000
1000 * 4 = 4000
1000 * 5 = 5000
1000 * 6 = 6000
1000 * 7 = 7000
1000 * 8 = 8000
1000 * 9 = 9000
1000 * 10 = 10000
1000 * 11 = 11000
1000 * 12 = 12000
1000 * 13 = 13000
1000 * 14 = 14000
1000 * 15 = 15000
1000 * 16 = 16000
1000 * 17 = 17000
1000 * 18 = 18000
1000 * 19 = 19000
1000 * 20 = 20000
1000 * 21 = 21000
1000 * 22 = 22000
1000 * 23 = 23000
1000 * 24 = 24000
1000 * 25 = 25000
1000 * 26 = 26000
1000 * 27 = 27000
1000 * 28 = 28000
1000 * 29 = 29000
1000 * 30 = 30000
1000 * 31 = 31000
1000 * 32 = 32000
1000 * 33 = 33000
1000 * 34 = 34000
1000 * 35 = 35000
1000 * 36 = 36000
1000 * 37 = 37000
1000 * 38 = 38000
1000 * 39 = 39000
1000 * 40 = 40000
1000 * 41 = 41000
1000 * 42 = 42000
1000 * 43 = 43000
1000 * 44 = 44000
1000 * 45 = 45000
1000 * 46 = 46000
1000 * 47 = 47000
1000 * 48 = 48000
1000 * 49 = 49000
1000 * 50 = 50000
1000 * 51 = 51000
1000 * 52 = 52000
1000 * 53 = 53000
1000 * 54 = 54000
1000 * 55 = 55000
1000 * 56 = 56000
1000 * 57 = 57000
1000 * 58 = 58000
1000 * 59 = 59000
1000 * 60 = 60000
1000 * 61 = 61000
1000 * 62 = 62000
1000 * 63 = 63000
1000 * 64 = 64000
1000 * 65 = 65000
1000 * 66 = 66000
1000 * 67 = 67000
1000 * 68 = 68000
1000 * 69 = 69000
1000 * 70 = 70000
1000 * 71 = 71000
1000 * 72 = 72000
1000 * 73 = 73000
1000 * 74 = 74000
1000 * 75 = 75000
1000 * 76 = 76000
1000 * 77 = 77000
1000 * 78 = 78000
1000 * 79 = 79000
1000 * 80 = 80000
1000 * 81 = 81000
1000 * 82 = 82000
1000 * 83 = 83000
1000 * 84 = 84000
1000 * 85 = 85000
1000 * 86 = 86000
1000 * 87 = 87000
1000 * 88 = 88000
1000 * 89 = 89000
1000 * 90 = 90000
1000 * 91 = 91000
1000 * 92 = 92000
1000 * 93 = 93000
1000 * 94 = 94000
1000 * 95 = 95000
1000 * 96 = 96000
1000 * 97 = 97000
1000 * 98 = 98000
1000 * 99 = 99000
",2026-05-26 13:01:10.551196
0,,2026-05-26 13:31:29.548290
